{"cameraMode":{"drawMode":0,"name":"Shaded","section":"Shading Mode"},"sceneLighting":false,"audioPlay":false,"sceneViewState":{"m_AlwaysRefresh":false,"showFog":true,"showSkybox":false,"showFlares":true,"showImageEffects":true,"showParticleSystems":true,"showVisualEffectGraphs":true,"m_FxEnabled":true},"in2DMode":false,"pivot":{"x":-0.27028751373291018,"y":0.015348434448242188,"z":0.039035797119140628},"rotation":{"x":0.002663166495040059,"y":-0.9907110929489136,"z":0.13456480205059052,"w":0.01961549185216427},"size":13.521944046020508,"orthographic":true}