{"cameraMode":{"drawMode":0,"name":"Shaded","section":"Shading Mode"},"sceneLighting":true,"audioPlay":false,"sceneViewState":{"m_AlwaysRefresh":false,"showFog":true,"showSkybox":true,"showFlares":true,"showImageEffects":true,"showParticleSystems":true,"showVisualEffectGraphs":true,"m_FxEnabled":true},"in2DMode":false,"pivot":{"x":7.646533966064453,"y":19.691410064697267,"z":3.5930726528167726},"rotation":{"x":0.002663166495040059,"y":-0.9907110929489136,"z":0.13456480205059052,"w":0.01961549185216427},"size":5.151424407958984,"orthographic":true}